artist,main genre
Black Eyed Peas,pop
Joy Division,rock
Mint Condition,pop
Plump DJs,electronic
Jope Ruonansuu,pop
Rick Astley,rock
Mike Jones,hip hop
George Jones,country
Kanda Bongo Man,pop
Billy Bragg,rock
Los Gaiteros de San Jacinto,rock
A Skylit Drive,metal
Deftones,metal
Hot Chip,pop
Gian Marco,pop
Burning Spear,rock
Billie Jo Spears,country
Janet Paschal,country
Death Cab for Cutie,indie
OutKast,hip hop
Snowgoons,hip hop
The Advantage,indie
ARRESTED DEVELOPMENT,hip hop
David Banner,hip hop
Marc Broussard,pop
Soilent Green,metal
Angelo Badalamenti,jazz
Kitty Wells,country
Novembre,metal
T.G. Sheppard,country
Arsonists Get All The Girls,metal
Spoonie Gee,hip hop
Leon Russell,rock
Tam Tam Go!,pop
Van Halen,rock
Skyforger,metal
Saman,pop
Cardenales del Exito,pop
Gerald Clayton,jazz
A.Z.,hip hop
Yung Joc,pop
9th Wonder,hip hop
Hem,pop
Iggy Pop,rock
Vilma E Vampiros Palma,rock
Kasia Stankiewicz,pop
Damone,jazz
Capone-N-Noreaga,hip hop
Shania Twain,country
Bon Jovi,metal
Gary Moore,rock
Joe Turner,rock
Sonora Carruseles,jazz
Boyz II Men,pop
Tha Alkaholiks,hip hop
Tex Williams,country
KMD,hip hop
Army of the Pharoahs,hip hop
Stephen Pearcy,metal
Jamie Richards,country
The Red Jumpsuit Apparatus,pop
Hacken Lee,pop
Jellyfish,pop
Yellowcard,pop
The Stems,pop
Jacques Higelin,rock
KT Tunstall,pop
GARFIELD,indie
Noemi,pop
Slum Village,hip hop
Paulette Tajah,rock
Big Mike Griffin,rock
Dictafone,pop
Faron Young,country
Shriekback,rock
Tree,hip hop
Junior Kimbrough,country
Jimmy McGriff,jazz
Ten Years After,rock
Abraham Laboriel,jazz
Dusminguet,rock
Birdapres,hip hop
Boards of Canada,rock
Point Of Grace,rock
Slipknot,metal
Andy & Lucas,pop
The Four Pennies,rock
Remy Shand,pop
Chris Brown,pop
Atreyu,metal
Year Long Disaster,rock
2 Minutos,rock
Stone Temple Pilots,rock
The Jam,rock
Vodka Collins,rock
Jeff Scott Soto,rock
Belphegor,metal
ColdWorld,metal
Marcus Miller,jazz
Tinariwen,pop
Los Iracundos,pop
Blind Blake,country
Nicky B,hip hop
Suicidal Tendencies,metal
House Of Lords,rock
Information Society,pop
King Curtis,jazz
Leroy Hutson,jazz
John Hammond,rock
Kelly Clarkson,pop
Frank Stokes,country
Valient Thorr,metal
R.L. Burnside,rock
Bukka White,country
Black Tambourine,pop
Carpenters,rock
Dyango,pop
Maracaibo 15,pop
No Address,pop
DeGarmo & Key,metal
Aynsley Lister,rock
Havok,metal
Donny Hathaway,jazz
M.A. Numminen,rock
K.I.Z.,hip hop
The Elders,rock
Bill & Gloria Gaither,country
The Chap,pop
Porcupine Tree,rock
Mighty Diamonds,rock
Deborahe Glasgow,rock
Tommy McLain,pop
Mr. Sancho,hip hop
The Impressions,pop
Zeca Baleiro,rock
Eddie Cano,pop
Simply Red,rock
Phil Collins,rock
New Found Glory,pop
The Abominable Iron Sloth,metal
Barrio Obrero,pop
Todos,rock
Nick Jonas & The Administration,pop
Orchids,pop
Blackbyrds,jazz
Webb Wilder,rock
Dexys Midnight Runners,rock
Gregory Isaacs,rock
Ray Davies,rock
MxPx,pop
The Cat's Miaow,pop
Memphis Minnie,country
Lennie Tristano,jazz
Lost Boyz,hip hop
Seguridad Social,rock
UFO,rock
Dropkick Murphys,rock
Rise Against,metal
Dionne Warwick,rock
X,rock
The Jets,pop
A Perfect Murder,metal
The Dylans,pop
Eastmountainsouth,pop
Soilwork,metal
Arthur Brown,rock
Toots Thielemans,jazz
Owsley,pop
Leo Ku,pop
Aceyalone,hip hop
Captain Hollywood Project,pop
Perfection,metal
Claudio,pop
Candlebox,rock
Midwest Product,indie
Terry Callier,jazz
Coldplay,pop
Little Brother,hip hop
Gloria,pop
Frost,indie
Burt Bacharach,pop
Jessica Simpson,pop
Eddie,rock
Dennis Brown,rock
John Sebastian,rock
Pat Travers,rock
Super Cat,rock
Caspian,rock
Imiskoubria,indie
Static-X,metal
Kix,rock
Patricia Kaas,pop
Casiotone For The Painfully Alone,pop
The Antripodean Collective,jazz
Jimmie Vaughan,rock
Lee Ritenour,jazz
Renee Rosnes,jazz
Ebba Forsberg,pop
Elvenking,metal
Asterisk*,indie
CoCo Lee,pop
N.W.A.,hip hop
Luis Alberto Spinetta,rock
Omni,indie
The Kitchen,metal
Free,rock
Stevie Ray Vaughan,rock
Fun Lovin' Criminals,electronic
Barry Manilow,rock
Pete Rock & C.L. Smooth,hip hop
Edmond Leung,pop
Nino Nardini,electronic
Incubus,metal
Pescado Rabioso,rock
Vince Guaraldi Trio,jazz
Ace Frehley,rock
K.T. Oslin,country
Delroy Wilson,rock
Dickies,rock
Richie Ray & Bobby Cruz,jazz
Fehlfarben,rock
Mark Wills,country
Socialburn,pop
Capital Tax,hip hop
Black Debbath,metal
Mississippi John Hurt,country
Firehouse,rock
Vonray,pop
Ramy Ayach,pop
Johnny Horton,country
Cartel,hip hop
Glen Campbell,rock
Danny Davis & The Boys,rock
Grizzly Bear,pop
Kathy Mattea,country
Wolfchant,metal
Paul Thorn,country
The Red Telephone,rock
Robert Palmer,rock
Converge,metal
Natasha Bedingfield,pop
Mylon LeFevre,rock
6CycleMind,rock
Shangri Las,pop
Shout Out Out Out Out,indie
Blackalicious,hip hop
Cursed,metal
Byzantine,metal
Elvin Bishop,rock
Big Joe Turner,rock
Foo Fighters,rock
Jaguares,rock
Warrant,rock
We Show Up On Radar,indie
Alexisonfire,metal
Otis Taylor,country
Die Symphony,rock
Mark Lowry,country
John Mayer,pop
Kenny Price,country
Moonsorrow,metal
The Small Knives,indie
Freedom,pop
Butthole Surfers,rock
Tito Puente,jazz
brokeNCYDE,pop
Lionel Richie,rock
Gustavo Cerati,rock
Toby Love,hip hop
The Cortinas,rock
Inoki,hip hop
Seventh Day Slumber,rock
Leon Lai,pop
Telecast,rock
Tom Petty,rock
Sandi Thom,pop
Cheo Feliciano,jazz
Dynamite Deluxe,hip hop
Bullet For My Valentine,metal
MDO,pop
Drowning Pool,metal
Gang Of Four,rock
Art Ensemble Of Chicago,jazz
Loudon Wainwright III,rock
Every Time I Die,metal
Y&T,rock
Sugarbomb,pop
Zeltinger Band,rock
F.I.R.,pop
Cowboy Mouth,rock
Avril,pop
Darryl Worley,country
Cadacross,metal
Vic Chou,pop
GWAR,metal
Cassie,pop
Chet Atkins,country
Barenaked Ladies,rock
Sonny James,country
Fort Minor,metal
Soulwax,indie
Kommunity FK,rock
Eason Chan,pop
Kaija Koo,pop
Hot Club Of Detroit,jazz
Janet Jackson,pop
Paul Rodgers,rock
Dream Warriors,hip hop
Peter Spence,rock
John Hiatt,rock
Nickelback,metal
John Brown,rock
Eberhard Weber,jazz
Justin Timberlake,pop
YGGDRASIL,metal
Georgia Satellites,rock
Lorna,metal
Utopia,rock
Daddy Yankee,pop
The Raconteurs,rock
Eagles,rock
Dolly Parton,country
Del The Funky Homosapien,hip hop
Albert Collins,rock
MyKungFu,rock
Gene Clark,rock
Sonora Santanera,rock
Aleks Syntek,pop
Inspiral Carpets,pop
Capleton,rock
Twin Atlantic,rock
Bounty Killer,rock
Scar Symmetry,metal
Lord Sterling,rock
Gran Coquivacoa,pop
Clifton Chenier,pop
Bersuit Vergarabat,rock
Leaders Of The New School,hip hop
The Beatles,rock
King Tee,hip hop
Cyndi Wang,pop
Paul Taylor,jazz
Helen Love,rock
Bob Dylan,rock
Johnny Otis,rock
Alkonost,metal
Wailing Souls,rock
The Sugarhill Gang,hip hop
Mr. Lif,hip hop
Cornell Campbell,rock
Jackie Wilson,rock
Long Beach Dub Allstars,rock
Gathering,metal
God Lives Underwater,metal
Grachan Moncur III,jazz
Death From Above 1979,rock
Abysmal Dawn,metal
J.J. Cale,rock
A Different Breed of Killer,metal
Sleepy D,hip hop
Roy Rogers,country
A Tribe Called Quest,hip hop
Spooky Tooth,rock
Les Hurlements D'leo,rock
Adrenaline,rock
The Last Days Of Jesus,rock
Pedro Luis e a Parede,indie
The B-52's,rock
Tones On Tail,rock
Busdriver,hip hop
THE AD LIBS,pop
Koffi Olomide,pop
Agnostic Front,metal
Mayday,pop
Attack Attack,electronic
Vixen,rock
Rihanna,pop
The Jeff Healey Band,rock
Radney Foster,country
Isaacs,rock
Conway Twitty,country
Die Fantastischen Vier,rock
Molesta Ewenement,hip hop
Lesley Gore,rock
Kary Ng,pop
Los Fabulosos,rock
Justin,pop
Ray Price,country
Guitar Shorty,rock
Kanye West,pop
Williamson,rock
Deborah Allen,country
Kool Savas,hip hop
Los Chunguitos,pop
Los Amigos Invisibles,rock
Souls Of Mischief,hip hop
M83,pop
Black Sheep,hip hop
Redman,hip hop
N.E.R.D.,pop
U2,rock
Bobby Valentin,jazz
Canis Dirus,metal
Phil Vassar,country
Janice Vidal,pop
Guillaume Ledent,pop
Mase,hip hop
Babbu Maan,pop
Thrice,metal
Diamond Rexx,rock
Abrar - Ul - Haq,pop
Zapp,hip hop
Humble Pie,rock
Little Eva,rock
Heaven 17,rock
Cal Tjader,jazz
Ximena Sarinana,pop
Khold,metal
Everly Brothers,rock
Green Day,rock
Los Van Van,jazz
Poncho Sanchez,jazz
Moist,indie
Steve Vai,metal
Toni Braxton,pop
This Or The Apocalypse,metal
Krystof,rock
Tim Hughes,rock
Martina McBride,country
Gabinete Caligari,pop
Behemoth,metal
Extreme,rock
Alice Cooper,rock
Eurythmics,rock
El Gran Combo De Puerto Rico,jazz
Blind Lemon Jefferson,country
Dixie Chicks,country
Gorillaz,pop
Alexis HK,rock
Jason Miles,jazz
Sportsguitar,rock
Louie Ramirez,jazz
Swallow The Sun,metal
Smokin' Joe Kubek & Bnois King,rock
Ty Herndon,country
Patsy Cline,country
Fergie,pop
Johnny Cash,country
The Temper Trap,indie
Pride Tiger,indie
The Stooges,rock
Charlie Peacock,rock
Bingo Players,pop
Wang Chung,rock
Sneaky Sound System,pop
Lee Michaels,rock
Alejandro Lerner,pop
Zeromancer,metal
Orquesta Broadway,jazz
Mungo Jerry,pop
Bury Your Dead,metal
Rakim,hip hop
Steve Morse,metal
Generation X,rock
Gyptian,hip hop
Tommy Torres,pop
Dallas Holm,rock
Bacilos,pop
Five Bolt Main,metal
Juelz Santana,pop
The Cure,rock
Pablo Montero,pop
Black Flag,rock
DJ Vix,pop
Lupe Fiasco,hip hop
Neil Diamond,rock
Patty Griffin,pop
Sara Melson,pop
Franz Ferdinand,rock
Lyrics Born,hip hop
Four Tet,indie
B.o.B,pop
The Shangri-Las,pop
Gorki,rock
Joe Bonamassa,rock
Radio Birdman,rock
Cabas,pop
Snow Patrol,rock
Borialis,metal
Alphonse Mouzon,jazz
Luke Vibert,electronic
Sheek Louch,hip hop
Rainie Yang,pop
Dead Prez,hip hop
Old Man's Child,metal
Wayne Watson,rock
Korpiklaani,metal
Jose Luis Perales,pop
Cats In Boots,metal
Weedeater,metal
Vox Dei,rock
Eagles Of Death Metal,rock
Barley Bree,country
Ed Bruce,country
White Willow,rock
Richard Galliano,jazz
Stevie Ray Vaughan And Double Trouble,rock
Baby Bash,pop
Ebru Yasar,pop
Gwen Stefani,pop
The White Stripes,rock
The Booth Brothers,country
Andrew W.K.,pop
LL Cool J,hip hop
Radio Moscow,rock
Singing Melody,rock
T Lavitz,jazz
Isabel Pantoja,pop
Tha Chamba,hip hop
George Hamilton IV,country
Lester Bowie,jazz
Les Ogres De Barback,rock
Lightnin' Hopkins,country
Janis Joplin,rock
Fruko Y Sus Tesos,jazz
Ragheb Alama,pop
Dwight Twilley,pop
Bad Company,rock
Bobby Hutcherson,jazz
Bongzilla,metal
Daryl Hall & John Oates,rock
Extrabreit,rock
Kaizers Orchestra,indie
The Dillinger Escape Plan,metal
Kool Moe Dee,hip hop
The Statler Brothers,country
Alvin Youngblood Hart,country
Wednesday 13,metal
Leningrad Cowboys,metal
Terror Fabulous,rock
Masta Ace Incorporated,hip hop
Los Munequitos de Matanzas,jazz
The Mighty Mighty Bosstones,rock
Steve Chou,pop
Gang Starr,hip hop
Ana Popovic,rock
Killswitch Engage,metal
A Day To Remember,metal
Dean Martin,jazz
Eddie Palmieri,jazz
Oliver Lake Quintet,jazz
New Order,rock
Asleep At The Wheel,country
Tony Joe White,rock
Jerry Reed,country
Tshala Muana,pop
Hinge,metal
Caramell,pop
Pedro Aznar,rock
Slick Rick,hip hop
Moonspell,metal
Faith Hill,country
Deodato,jazz
Pat Metheny,jazz
Kenny Rogers,country
The Radio Dept.,pop
Patrick Bruel,pop
Love and Rockets,rock
Torcuato Mariano,jazz
Moon Mullican,country
The All American Rejects,pop
Kool Keith,hip hop
C.L. Smooth,hip hop
When Dinosaurs Ruled The Earth,indie
Vilma Palma,rock
Tyrone Wells,pop
Twila Paris,rock
Sugar Minott,rock
Suicide,metal
Jazz Gillum,country
The Vaughan Brothers,rock
Cancer Bats,metal
The Clash,rock
Hurricane,pop
The Fabulous Thunderbirds,rock
Michael Stanley Band,rock
Word,metal
Deep Blue Something,rock
The Killers,rock
Anti-Flag,pop
Charlie Haden,jazz
Modern Lovers,rock
Sonny Simmons,jazz
Jean-Jacques Goldman,pop
Dark Distant Spaces,pop
Descendents,pop
Death SS,metal
Hubert Kah,rock
The Exies,metal
Evergreen Terrace,metal
Foghat,rock
Bebo Norman,rock
Vince Guaraldi,jazz
Turisas,metal
John Cale,rock
Dottie West,country
Laurindo Almeida,jazz
Saosin,metal
AZ,hip hop
Catupecu Machu,rock
Amber Nicholson,country
Carlos Vives,pop
Monster Magnet,rock
T.I.,pop
Hiram Bullock,jazz
Papa Wemba,pop
Lacy J. Dalton,country
Wolfmother,rock
Ricardo Arjona,pop
The Keys,rock
Sizzla,rock
Steve Azar,country
Gold City,country
New York Dolls,rock
Joe Bataan,jazz
Shamen,pop
T-la Rock,hip hop
The Exciters,pop
Kate Maki,country
Siouxsie,rock
Tito Rodriguez,jazz
Devo,rock
Tabu Ley Rochereau,pop
Steve Smith,jazz
Young-Holt Unlimited,jazz
Janie Fricke,country
Brenda Boykin,jazz
Daft Punk,electronic
Fudge Tunnel,metal
The Radio Dept,pop
In Extremo,metal
Band Of Horses,indie
David Bowie,rock
Freddie King,rock
K-OS,hip hop
Eric Burdon,rock
Jim Reeves,rock
Kingston Trio,rock
Natalie Cole,rock
Gene Autry,country
Andres Calamaro,rock
Dijous Paella,rock
Astarte,metal
Sukshinder Shinda,pop
Rebecca Lynn Howard,country
Los Solitarios,rock
Ned Miller,country
VHS Or Beta,indie
Angelica Maria,rock
Christina Aguilera,pop
Big Daddy Kane,hip hop
Ann Hampton Callaway,jazz
Daniel Johnston,indie
W.A.S.P.,metal
unloco,metal
Savage Garden,pop
The Motors,rock
Emperor,rock
Yndio,rock
Jimmy Wayne,country
Egberto Gismonti,jazz
Big Rich,country
Panic At The Disco,indie
Judy Mowatt,rock
Brian Dullaghan,country
Nerf Herder,pop
(hed) p.e.,metal
The Tragically Hip,indie
David Benoit,jazz
Indigenous,rock
Assassin,jazz
Joe Lynn Turner,rock
El Presidente,pop
James Taylor,rock
The Distillers,rock
SNAP!,pop
Vivian,pop
Xzibit,hip hop
Mississippi Fred McDowell,country
X-Static,metal
Wyclef Jean,pop
Lara Fabian,pop
BoDeans,rock
Lonestar,country
Unearth,metal
April Wine,rock
Guns N' Roses,rock
Angels,rock
Frank Vignola,jazz
Ulytau,metal
Ross,hip hop
Jesse Malin,rock
Pinch,hip hop
At The Gates,metal
L.a. Dream Team,hip hop
Dealership,pop
Roy Drusky,country
Dave Alvin,rock
John Holt,rock
Willie Bobo,jazz
John Mayall & The Bluesbreakers,rock
Simon & Garfunkel,rock
Terje Lie,jazz
The Cannanes,pop
John And The Bluesbreakers Mayall,rock
Nicole Mullen,rock
Set Your Goals,pop
Jennifer Brown,pop
Paul Carrack,rock
Mt. Wilson Repeater,rock
Sierra Maestra,jazz
Sandy Lam,pop
Goldfish,jazz
King Diamond,metal
Whitesnake,rock
Gaiteros de Pillopo,pop
La 5A Estacion,pop
Pentangle,rock
The Shirelles,rock
Ancient Astronauts,jazz
Mills Brothers,jazz
Perrey And Kingsley,electronic
Joe Grushecky,rock
Beautiful Creatures,metal
Peppermint Creeps,rock
Killers,rock
The Presets,indie
John Wesley,pop
Charley Pride,country
A-Mei,pop
James Carter,pop
Fall Out Boy,rock
Ill Nino,metal
Roger McGuinn,rock
The Ataris,pop
Buckwheat Zydeco,pop
Adalberto Santiago,jazz
Erick Sermon,hip hop
Ol' Dirty Bastard,hip hop
Led Zeppelin,rock
Bruce Springsteen,rock
Urge Overkill,rock
Cindy Morgan,rock
Danilo Perez,jazz
Temple Of The Dog,rock
Stefon Harris,jazz
Adam Ant,rock
Suzi Quatro,rock
Baroness,metal
Oh No,hip hop
Joe McBride,jazz
Junior Reid,rock
The Rapture,rock
Lloyd Banks,hip hop
Midge Ure,pop
Gene Pitney,rock
Bobbie Gentry,country
Richard Walters,indie
Ed Calle,jazz
Onyx,hip hop
Demonbreed,metal
Nightwish,metal
Naseebo Lal,pop
Jay & The Americans,rock
Sex Pistols,rock
Jimmy Riley,rock
All Time Low,pop
L7,rock
Fastball,rock
Crowbar,metal
Johnny Winter,rock
Roger Miller,country
Josh White,pop
Christie Hennessy,country
The Sonics,rock
Mr. Kilombo,rock
Los Manolos,pop
Crazy Horse,rock
Sui Generis,rock
The Cliks,indie
Brooke Valentine,pop
Corb Lund,country
Norther,metal
Jah Cure,rock
Hank Locklin,country
Lari White,country
Little Willie John,rock
Pennywise,pop
Electric Light Orchestra,rock
John Fogerty,rock
Jimmy Page,rock
I Nuovi Angeli,pop
Taking Back Sunday,rock
Jars Of Clay,rock
Baby Rasta & Gringo,hip hop
Gene Simmons,metal
Leo Dan,pop
Negura Bunget,metal
Black Messiah,metal
Aram Shelton,jazz
Jarvis Church,pop
Kali,pop
Jacques Dutronc,rock
Carroll Thompson,rock
Leeroy Stagger,rock
Nik & Jay,pop
BMX Bandits,indie
Tomorrow,metal
3 Doors Down,metal
Otis Spann,jazz
Corona,pop
EPMD,hip hop
Unwritten Law,pop
Jeff Beck Group,rock
Bela Fleck And The Flecktones,jazz
Kenny Wayne Shepherd,rock
Ms. Dynamite,pop
Stephy Tang,pop
Reel Big Fish,pop
Maroon 5,pop
Sister Hazel,pop
Nicho Hinojosa,rock
Hellsongs,indie
Glen Washington,rock
The Moody Blues,rock
Colin James,rock
Low Millions,pop
The Strokes,rock
Winds Of Plague,metal
Warrior King,rock
Katie Armiger,country
Catia Werneck,jazz
Horace Andy,rock
Mindy McCready,country
Sir Douglas Quintet,rock
Shunza,pop
Nichols,country
Jets,pop
David Jalbert,pop
Rod Bernard,pop
Bombay Rockers,pop
Tammy Wynette,country
FU-Schnickens,hip hop
Clannad,rock
Les Blaireaux,pop
HA-ASH,pop
Greater Vision,country
Bitty McLean,rock
John Berry,country
Dope Stars Inc.,metal
Luiz Bonfa,jazz
Mitch Ryder,rock
Miriam Yeung,pop
Soda Stereo,rock
Josh Turner,country
Mance Lipscomb,country
Saigon Kick,metal
TYR,metal
Chacho,pop
Leonardo Favio,pop
Moraes Moreira,indie
Mobb Deep,hip hop
Patti Smith,rock
Jeff Beck,rock
Chroma Key,rock
Rajery,pop
Gaither Vocal Band,country
Cirrus,electronic
Three-6 Mafia,hip hop
Rage Against The Machine,metal
Jay Randall,pop
Aswad,rock
John Mayall,rock
Nolwenn Leroy,pop
Quincy Jones,jazz
Morgion,metal
Bessie Smith,jazz
Youves,pop
Commander Cody And His Lost Planet Airmen,rock
Yahir,pop
Maurane,pop
Aesop Rock,hip hop
Diego Verdaguer,pop
The Pharcyde,hip hop
Happy Mondays,rock
Los Hispanos,pop
Eighteen Visions,metal
Enthroned,metal
Sophie B. Hawkins,pop
Frankie J,pop
Blind Boy Fuller,country
Al Di Meola,jazz
Bill Perkins,jazz
Tom Petty And The Heartbreakers,rock
Judas Iscariot,metal
Nicole C. Mullen,rock
Vaselines,rock
Jeremy Fisher,indie
Jason Michael Carroll,country
KRS-One,hip hop
The Police,rock
Timo Maas,electronic
Los Abuelos De La Nada,rock
Jim Bryson,indie
Dark Fortress,metal
Ray Vega,jazz
Sammi Cheng,pop
Groundhogs,rock
Silverstein,metal
Ice Cube,hip hop
Jackie Edwards,rock
Buzzcocks,rock
Jody Bernal,pop
Tranzas,pop
Kat DeLuna,pop
Heavy D,hip hop
George Harrison,rock
SKYCLAD,metal
Taylor Swift,pop
Nicolas Bacchus,pop
Solomon,rock
Pursuit Of Happiness,indie
Juana Molina,indie
Equilibrium,metal
Three 6 Mafia,hip hop
Eno,rock
Paul Stanley,metal
Hawkshaw Hawkins,country
V V Brown,pop
Ronnie Milsap,country
Chaka Demus & Pliers,rock
David Meece,rock
The Reverend Peyton's Big Damn Band,rock
The Fray,rock
Fastway,rock
Sick Of It All,metal
Robben Ford,rock
Shelly Manne,jazz
Johnny Kidd And The Pirates,rock
Wes King,rock
Irwin Goodman,rock
The Last,rock
Charlie Rich,country
Walter Trout,rock
Hot Tuna,rock
The Oak Ridge Boys,country
SUE THOMPSON,rock
STEVE CAMP,rock
Red Hot Chili Peppers,rock
Amil,pop
NOFX,pop
Blink-182,rock
Big Audio Dynamite,pop
Avril Lavigne,pop
Los Fabulosos Cadillacs,rock
Jason Mraz,pop
The Fureys,country
Motograter,metal
The Cars,rock
Julie Zenatti,pop
Percy Mayfield,jazz
Warren Barfield,rock
Between The Buried And Me,metal
Future Leaders of the World,metal
Jimmie Davis,country
Julio Iglesias Jr.,rock
Manuel & The Music Of The Mountains,pop
Enrique Iglesias,pop
Phantom Planet,rock
Commander Cody & His Lost Planet Airmen,rock
Don Gibson,country
Gus Viseur,jazz
Rubyhorse,pop
Oceansize,rock
QBO,metal
Brownie McGhee,country
The Disposable Heroes Of Hiphoprisy,hip hop
Willie Rosario,jazz
Bruford,rock
Pink Floyd,rock
Neil Sedaka,rock
Kenny G,jazz
Geier Sturzflug,rock
Home Town Hero,pop
Charly Garcia,rock
Gob,indie
MC5,rock
Petra,rock
Love Jones,indie
G-Unit,hip hop
Gail Davies,country
Lady GaGa,pop
Tampa Red,country
Lifehouse,pop
themselves,hip hop
Grandmaster Flash,hip hop
Djelimady Tounkara,pop
From Autumn To Ashes,metal
Shai Hulud,metal
[kaleidoskop],hip hop
Nana Mouskouri,pop
Dann Huff,metal
Dave Weckl,jazz
Nirvana,rock
Buddy Jewell,country
Najoua Belyzel,pop
Ray Charles,jazz
20/20,pop
Brian Littrell,rock
Fulanito,hip hop
Pearl Jam,rock
Weezer,rock
The Cardigans,pop
Howie Day,pop
Sukhwinder Singh,pop
Jaime Urrutia,pop
Lighthouse Family,pop
Carlos Ponce,pop
Hadag Nahash,pop
City High,pop
Los Salvajes,pop
The Primitives,pop
Gertrudis,rock
Thomas Dolby,rock
Porno For Pyros,rock
James Ingram,rock
Hal Russell,jazz
Steve Riley & The Mamou Playboys,pop
Jimi Hendrix,rock
Orquesta Aragon,jazz
Barbara Jones,rock
Coco Montoya,rock
Grandpa Jones,country
Eric Champion,rock
Mustafa Sandal,pop
Kenny Neal,rock
The Grip Weeds,pop
Chico,jazz
The Incurables,indie
The Game,hip hop
Chuck Wicks,country
Kraftwerk,rock
Doug Sahm,country
Flora Purim,jazz
Radiohead,rock
Lonnie Johnson,country
Bloc Party,rock
Los Chichos,pop
Goldfinger,pop
Arc Angels,rock
Through the Eyes of the Dead,metal
Channel Live,hip hop
Busta Rhymes,hip hop
Florida Boys,country
Jay-Z,hip hop
Mohammad Nouri,pop
Sandy Posey,pop
Eddie Henderson,jazz
Bryan Ferry,rock
Paramore,pop
The Color Red,pop
Agnes,pop
Restless Heart,country
Dead Kennedys,rock
Way Out West,electronic
Bloomfield,rock
THE COOKIES,pop
Savoy Brown,rock
Jeff & Sheri Easter,country
Soul Asylum,rock
Ben Jelen,rock
Mouth Of The Architect,metal
Eddie Calvert,jazz
Belle and Sebastian,rock
Limbonic Art,metal
Aerosmith,rock
Mastodon,metal
Tullycraft,pop
DJ Quik,hip hop
Akon,pop
Talib Kweli,hip hop
Zebra,pop
Handsome Boy Modeling School,hip hop
Cradle Of Filth,metal
Tantric,metal
Milo,hip hop
Slightly Stoopid,rock
Slim Whitman,country
Daniel Chan,pop
Mongo Santamaria,jazz
DAVE MATTHEWS BAND,rock
Debbie Davies,rock
The Gaskets,indie
THE CHIFFONS,rock
Vulture Industries,metal
BeauSoleil,pop
Randy Travis,country
Bobby Vee,rock
Kekele,pop
The Highwaymen,country
Acorps de Rue,pop
Erik Hassle,pop
Noah Lewis,country
R.E.M.,rock
Oscar Pettiford,jazz
Major Lance,pop
Dobby Dobson,rock
Story Of The Year,metal
Simple Minds,rock
Less Than Jake,pop
Stellar Kart,rock
Stanley Clarke,jazz
Billy Walker,country
Thriller U,rock
Del Tha Funkee Homosapien,hip hop
Connie Smith,country
Bad Religion,pop
Mariah Carey,pop
Sonny Terry,country
Atomic Rooster,rock
Halfway to Gone,rock
Atari Teenage Riot,rock
Fever Ray,pop
All Girl Summer Fun Band,indie
The Almost,rock
Reginaldo Bessa,jazz
Roger Creager,country
Righteous Brothers,rock
Bryan White,country
Smash Palace,pop
Eyehategod,metal
Kurtis Blow,hip hop
Deep Puddle Dynamics,hip hop
Melissa Auf der Maur,rock
Dee Clark,pop
Kiss,rock
Roy Buchanan,rock
Madonna,pop
The Equals,pop
Fuel,rock
The Kings,pop
Johnny Pacheco,jazz
Workhorse,rock
Mighty Mighty Bosstones,rock
Concretes,indie
Everyday Sunday,rock
Johnny Osbourne,rock
Placebo,rock
Uriah Heep,rock
Panic! At The Disco,indie
Bedwetters,pop
The Robert Cray Band,rock
Bruce Katz Band,jazz
Rick Ross,hip hop
The High Strung,indie
Oak Ridge Boys,country
Dead To Me,indie
The Knife,pop
Eddy Arnold,country
The Last Vegas,rock
The Velvet Underground,rock
The Panic Channel,pop
Mindless Self Indulgence,metal
Nick Cave & The Bad Seeds,rock
Milk Inc.,pop
P.O.S,hip hop
Rancid,pop
Kai Winding,jazz
Silverchair,rock
Mavado,pop
Flamin' Groovies,rock
Grand Funk,rock
Charlie Louvin,country
Evanescence,metal
Jerry Butler,pop
Ray Barretto,jazz
Skeletonwitch,metal
Oldelaf et Monsieur D,rock
David Johansen,rock
Hins Cheung,pop
Liquid Stranger,electronic
Cake,rock
Sasha,pop
Cut Copy,pop
Jeanne Pruett,country
Helmet,metal
Epidemic,jazz
The Ronettes,rock
Butterfly Temple,metal
Eugene McDaniels,jazz
It Dies Today,metal
Dale Hawkins,rock
Public Image Ltd,rock
Dimmu Borgir,metal
The Creation,rock
The Notorious B.I.G.,hip hop
Eluveitie,metal
50 Cent,hip hop
The Rambos,country
Rachael Lampa,rock
Francis Lai,electronic
Shelley Fabares,pop
Eminem,hip hop
Dishwalla,rock
Pete Philly & Perquisite,jazz
Jake Hess,country
Britny Fox,rock
The Antlers,indie
Eddie Turner,rock
Mum,pop
Fat Joe,hip hop
Passion,rock
Backstreet Boys,pop
John Tchicai,jazz
OV7,pop
Mick Clarke,rock
Les Sexareenos,rock
Modeselektor,indie
Camp Lo,hip hop
Tigerstyle,pop
4Him,rock
David Cook,rock
Solistiyhtye Suomi,pop
Tyrone Taylor,rock
Dendemann,hip hop
Josh Groban,pop
Pascal Obispo,pop
Intars Busulis,pop
Juliette & The Licks,pop
Shawn Colvin,pop
Miossec,indie
Speaker,hip hop
Candy Lo,pop
Teenage Fanclub,pop
Enter the Haggis,rock
Zombie Girl,metal
Aberdeen,pop
Benabar,rock
Naughty By Nature,hip hop
Sukhbir,pop
Organized Konfusion,hip hop
Dokken,rock
Jefferson Starship,rock
Arkona,metal
Aaron Watson,country
The Crystal Method,electronic
Arturo Sandoval,jazz
Billy Higgins,jazz
The Prodigy,electronic
Nick Colionne,jazz
Georges Brassens,rock
Kevin Max,rock
Lit,rock
Luke Bryan,country
Mikey General,rock
Blind Willie Johnson,country
Roger Clyne & The Peacemakers,rock
Chris Rea,rock
Sugar Ray,metal
Tora Tora,indie
Semisonic,rock
Jennifer Lopez,pop
Jimmy Durante,jazz
Alex Ubago,pop
Flame,hip hop
Cam'Ron,hip hop
Beneath The Sky,metal
Pepper,rock
Photek,electronic
Doyle Bramhall,rock
The Business,rock
Soundgarden,rock
Ann Lee,country
45 Grave,rock
Britney Spears,pop
Paul Simon,rock
Life In Your Way,metal
Jesus Jones,pop
David Lynch,jazz
Franco,pop
Mago de Oz,rock
Montrose,rock
Bally Sagoo,pop
Jewel,pop
Tom Collier,jazz
Hatebreed,metal
Soul Ballet,jazz
Cracker,rock
The Mars Volta,rock
The Florida Boys,country
Beogradski Sindikat,rock
Dave Hollister,pop
Margaret Becker,rock
Sick Puppies,metal
Mirah,pop
Olivia Ruiz,rock
Randy Stonehill,rock
Epitaph,rock
Connie Francis,rock
Bruce Carroll,rock
Lou Reed,rock
Kashief Lindo,rock
Eyes Set to Kill,metal
LORE,indie
Malina,jazz
8Ball & MJG,hip hop
Patti Smith Group,rock
SOL,indie
Red Foley,country
Atom,pop
Emilia,indie
Eko Fresh,hip hop
Nestor Torres,jazz
Chelsea,pop
Blessid Union Of Souls,rock
Chris Standring,jazz
Alicia Keys,pop
Trentemoller,pop
Danger Danger,hip hop
Yank Rachell,country
Antimatter,metal
The Box Tops,pop
Bad Brains,rock
99 Posse,pop
Kurupt,hip hop
The Field Mice,pop
5th Ward Boyz,hip hop
Frank Ifield,rock
fIREHOSE,rock
Carl Smith,country
Don Francisco,rock
My Little Airport,indie
Tracy Byrd,country
Mest,pop
Streetwize,jazz
David Evans,pop
Lil' Band O' Gold,pop
Lil Wayne,pop
The Smashing Pumpkins,rock
Kira,country
Usher,pop
Cocoa Tea,rock
Alain Souchon,pop
Be Bop Deluxe,rock
Korn,metal
Art Blakey's Jazz Messengers,jazz
Gene Chandler,pop
Nine Inch Nails,metal
Hector,hip hop
T-Bone Walker,jazz
Esa Pakarinen,rock
BLEED THE SKY,metal
The Wreckers,country
Richard Smith,jazz
David Tao,pop
Rockit,pop
Bow Wow Wow,pop
Julio Iglesias Jr,rock
The Roots,hip hop
Beres Hammond,rock
JERRY WALLACE,country
The Maine,pop
Pinchers,rock
The Perrys,country
Rishi Rich,pop
Hall & Oates,rock
Showbread,metal
Marisela,pop
Melt Banana,rock
KALIMBA,pop
Beatnuts,hip hop
John Mellencamp,rock
Buju Banton,rock
William Orbit,electronic
Fabri Fibra,pop
Keep Of Kalessin,metal
Barbara Lynn,pop
Sticky Fingaz,hip hop
Arctic Monkeys,rock
AFI,metal
El Gran Silencio,rock
Blind Willie McTell,country
I Hate Sally,metal
Ben E. King,rock
Seven Mary Three,rock
Unkle Bob,pop
Chico Cesar,indie
Finntroll,metal
Plies,pop
Raphael,indie
Clay Crosse,rock
Ricky Martin,pop
Nouvelle,jazz
Tommy Castro,rock
First Blood,metal
Lili Ivanova,rock
Knack,rock
Chico Hamilton,jazz
Maxi Priest,rock
Bob Sinclar,pop
Joell Ortiz,hip hop
Dungeon Family,pop
Chimaira,metal
Francky Vincent,pop
Fountains Of Wayne,pop
Misfits,rock
Queens Of The Stone Age,rock
Chris Eaton,rock
Michael Card,rock
Elakelaiset,rock
Ashton Shepherd,country
Checkers,pop
Blondie,pop
Malcolm McLaren,rock
Tom Cochrane,indie
Crystals,rock
RyanDan,pop
Dive,rock
Orquesta Sublime,jazz
Mandi,indie
Russell Malone,jazz
Hoods,pop
Julien Clerc,pop
Freddie McGregor,rock
Opiate For The Masses,metal
Eazy-E,hip hop
Vusi Mahlasela,pop
Beto Cuevas,rock
The Plimsouls,pop
I Wayne,rock
Will Pan,pop
Barbara Fairchild,country
Fuzz,rock
Soul Embraced,metal
Leroy Van Dyke,country
Ice,hip hop
Primordial,metal
Daughters,indie
Scott Matthews,pop
T-Bone,jazz
Terry Snyder,pop
Roberto Torres,jazz
Foxy Brown,hip hop
Elva Hsiao,pop
He Is Legend,metal
DJ Dips,hip hop
Pretty Boy Floyd,metal
Jimmy Witherspoon,jazz
Jazzy B,pop
Daath,metal
Christian McBride,jazz
Minnie Riperton,jazz
Facto Delafe y las flores azules,indie
Truckfighters,metal
Marty Robbins,country
Ram Squad,hip hop
Tech N9ne,hip hop
Daler Mehndi,pop
Belle & Sebastian,rock
Kyle Riabko,pop
One Be Lo,hip hop
Martha Wainwright,pop
The Paul Butterfield Blues Band,rock
Stan,jazz
The Pineapple Thief,rock
Yuridia,pop
Orbit,electronic
Muse,rock
Shaggy,pop
Silent Stream Of Godless Elegy,metal
Adrienne Pierce,pop
The Starting Line,pop
El Barrio,pop
The Real Kids,rock
Sean Paul,pop
Major Lazer,pop
32 Leaves,metal
B.B. King,rock
Fania All Stars,jazz
P.o.d,metal
Dino,rock
Buzzhorn,pop
Tsar,pop
Fiona,pop
Ramesses,metal
Beherit,metal
Bobby Darin,rock
Louisa Mark,rock
Out Of The Grey,rock
Anneli Drecker,pop
Peter Hunnigale,rock
The Who,rock
Norrie Paramor,pop
Embrace the End,metal
Karen Peck And New River,country
Los Titanes,pop
The Rolling Stones,rock
Pacha Massive,jazz
Donna Fargo,country
Conjunto Clasico,jazz
Alex Fong,pop
Jason & The Scorchers,rock
Lords Of The Underground,hip hop
We Five,rock
Jedi Mind Tricks,hip hop
La Portuaria,rock
Elena,indie
Tulipunaruusut,pop
Bill Perry,rock
Seal,rock
Gym Class Heroes,pop
Blackfoot,rock
Dave Valentin,jazz
This Moment,metal
Derek Bailey,jazz
James Taylor Quartet,jazz
Luciano,pop
"Dave ""Baby"" Cortez",jazz
Denise Ho,pop
Ronnie Drew,country
Carlos Baute,pop
Mat Maneri,jazz
Brenda Lee,rock
Lizzy Borden,metal
The In Crowd,pop
Gonzalo Rubalcaba,jazz
Dropline,pop
Kings Of Leon,rock
Kris Kristofferson,country
Goatwhore,metal
Small Faces,rock
Don Campbell,rock
A Static Lullaby,metal
Phil Spector,pop
Los Originales De San Juan,hip hop
Jack Sheldon,jazz
Tigertailz,metal
Salt-N-Pepa,hip hop
Kari Tapio,pop
Yami Bolo,rock
Rory Block,country
Alias,hip hop
Africando,jazz
The Rascals,rock
DMX,hip hop
Skrape,metal
Blue October,metal
Malkit Singh,pop
PitchBlack,metal
Metallica,metal
Owl City,pop
The Verve Pipe,rock
Vitamin C,pop
Swim,rock
Black Box,pop
Bone Thugs-N-Harmony,hip hop
Fran Perea,pop
Mando Diao,rock
Richard Lloyd,pop
Samy Deluxe,hip hop
Twista,pop
Shadows Fall,metal
The Doors,rock
TRAM 11,hip hop
The All-American Rejects,pop
Scott Weiland,rock
Charlie Walker,country
Liars,indie
The Gathering,metal
Mat Kearney,pop
North Mississippi Allstars,rock
Les Malpolis,pop
Legacy Five,country
Ivan Parker,country
The Stranglers,rock
Oasis,rock
Zumpano,indie
Obie Bermudez,pop
Enslavement Of Beauty,metal
Santana,rock
Apache Indian,hip hop
Bo Carter,country
Hanoi Rocks,rock
Bruce Robison,country
Gal Costa,pop
Luciana Souza,jazz
Tommy James And The Shondells,rock
Leona Naess,pop
Faces,rock
F4,pop
Dr Bombay,pop
Bobby Broom,jazz
George Nooks,rock
Delbert McClinton,rock
Becoming The Archetype,metal
Beastie Boys,hip hop
Skeeter Davis,country
Blue Rodeo,rock
Jerry Lewis,rock
Fleet Foxes,indie
Little Feat,rock
Tonic,rock
Roberto Roena,jazz
Gloriana,country
X-Raided,hip hop
Styles P,hip hop
Kellie Coffey,country
Sofia Karlsson,pop
Fontella Bass,pop
Peggy Lee,jazz
Max Stalling,country
Paul Brown,jazz
Speech,metal
Mudhoney,rock
Strata,metal
Big Star,rock
Dark new Day,metal
Juice Leskinen,rock
Jonny Lang,rock
Kinky,rock
Missy Higgins,pop
Zachary Richard,country
L.A. Guns,rock
Juanes,pop
Non Phixion,hip hop
The Black Crowes,rock
Henry Mancini,jazz
Michelle Wright,country
Astrovamps,rock
Unison,indie
System of a Down,metal
Funeral For A Friend,pop
Charley Patton,country
Cassidy,pop
Joe Graves & The Diggers,jazz
Alice In Chains,rock
MIMS,pop
Bob Neuwirth,rock
Elmore James,rock
3OH!3,pop
Wet Wet Wet,pop
France D'Amour,rock
Ghost Machine,metal
Willie Colon,jazz
Pelt,jazz
Eiffel 65,pop
Sylvia Patricia,jazz
2raumwohnung,pop
Northern State,pop
Lily Allen,pop
The Nelons,country
Roni Size,electronic
Britt Nicole,rock
Pat Green,country
Cachao,jazz
Albert Ayler,jazz
Eddie Money,rock
Murderdolls,metal
Faithless,electronic
Sweet,rock
Alexander Zonjic,jazz
Talking Heads,rock
Ken Yokoyama,pop
Basement Jaxx,electronic
Republica,pop
Mau Mau,pop
Trivium,metal
The Shamen,pop
Keb' Mo',rock
The Sterns,rock
Dinosaur Jr,rock
The Galactic Heroes,pop
Foals,rock
Cauda Pavonis,rock
Wonderland,electronic
Albert King,rock
Loretta Lynn,country
Jacky Cheung,pop
Meiway,pop
Glen Ricks,rock
Crusaders,jazz
Ginny Owens,rock
Alain Turban,pop
Bumblefoot,metal
Mink DeVille,rock
Marc Lavoine,rock
Tanya Chua,pop
Tesla,rock
Charlotte Gainsbourg,pop
Linkin Park,metal
Fabolous,pop
Aftermath,rock
Karen Peck & New River,country
Joe Satriani,rock
The Monroes,pop
Amorphis,metal
The Sensational Alex Harvey Band,rock
Palito Ortega,rock
Marshall Crenshaw,rock
Prozak,rock
Selena,pop
Annie Lennox,pop
Illya Kuryaki And The Valderramas,rock
Michael McDonald,rock
Porter Wagoner,country
My Chemical Romance,pop
Jeff And Sheri Easter,country
Chaotica,rock
Mike Bloomfield,rock
Bobaflex,metal
Panzer AG,metal
Amoral,metal
Rickie Lee Jones,pop
22-20s,rock
Memphis La Blusera,rock
Eliane Elias,jazz
Sean Kingston,pop
The Mad Capsule Markets,metal
Cerati-Melero,rock
Audio Adrenaline,rock
Floor,pop
George Michael,pop
Sex Machine,electronic
String Trio Of New York,jazz
Julie Roberts,country
Ensiferum,metal
Mithotyn,metal
Ashes to Ashes,metal
Dilated Peoples,hip hop
Dinosaur Jr.,rock
FFH,rock
Earth,jazz
Dntel,electronic
Jo-El Sonnier,pop
Lockwood,country
Melvins,metal
Neviss,rock
Charlie Byrd,jazz
Matt Redman,rock
Guaco,pop
Bob Wills,country
H-Town,pop
Sanna Nielsen,pop
Winston Reedy,rock
Eric B. & Rakim,hip hop
Eddy Raven,country
Jan Wayne,pop
Reni,pop
Sergio Dalma,pop
Fito Paez,rock
Fiona Sit,pop
Shakira,pop
P.O.D.,metal
Henry Lee Summer,rock
De La Ghetto,hip hop
The Dirty Skirts,rock
Estopa,pop
Rainbow,rock
Boondox,rock
Juan Carlos Baglietto,rock
Why?,pop
3 of Hearts,country
Jan Howard,country
Renato Borghetti,rock
Twenty 4 Seven,pop
Sleepy John Estes,country
Oscar Peterson Trio,jazz
Vilma Palma e Vampiros,rock
Eddie Cantor,jazz
Tommy James & The Shondells,rock
Jeckyll & Hyde,hip hop
Mike And The Mechanics,rock
Sonny Landreth,rock
Russ Taff,rock
Architecture In Helsinki,indie
Michael Jackson,pop
Furry Lewis,country
Andy Andy,hip hop
Orbital,electronic
Super700,indie
Delirious,rock
Crucial Conflict,hip hop
Berlin,pop
Kane,country
Jackie Davis,pop
Letters To Cleo,pop
